,School,Index
0,Princeton,0.6519961311941115
1,MIT,0.5670131884175191
